UserID,Name,Location,Email
0,Audrey Alvarez,Bradleytown,hessvicki@blake.com
1,Mrs. Lauren Kim,North Christianport,webbandrew@hotmail.com
2,Joel Bowman,Stephenville,thomassydney@hotmail.com
3,Laura Schneider,Port Jeanette,haneynicholas@boyer.com
4,Michael Evans,Lake Christopher,meganwalker@mcdowell-rollins.biz
5,Teresa Braun,Cunninghammouth,patrickjenkins@monroe-marks.com
6,Kyle Marshall,South Dave,lauradelgado@hotmail.com
7,Michael Collier,Pamelashire,leslie13@hotmail.com
8,Lauren Callahan,Raymondfort,jamessmith@martin.com
9,Robert Rogers,Smithmouth,pinedadiane@gmail.com
10,Martha Fernandez,New Deniseland,wfranklin@booker.biz
11,Steven Johnson,North Aaronton,lori85@lawson-colon.com
12,Kimberly Olson,Millertown,zhobbs@hotmail.com
13,Willie Austin,Brandonport,zthompson@yahoo.com
14,Scott Joyce,Diazfurt,jill49@garner-torres.com
15,Nicholas Powers,Bakertown,murraycristian@chambers.biz
16,Christopher Wright,Greggview,wyattkaren@turner.biz
17,Thomas King,New Andrewland,johnmartinez@campbell-navarro.net
18,Nicole Curtis,Lake Kelly,millerjoe@gmail.com
19,Michael Flowers,East Patricia,sonya17@harris.com
20,Nichole Cannon,Lake Sherry,wallaceamanda@gmail.com
21,Zachary Duffy,Lisaside,ymccall@mathis.net
22,Michael Perez,West Robyn,michelle92@thornton.com
23,Linda Cox,West Lauratown,ethan41@johnson.com
24,Kayla Perez,Cooperville,gjones@harvey.net
25,Jesse Rice Jr.,Hannahbury,johnroberts@wallace.com
26,Thomas Leblanc,Mariaberg,donnamccann@simmons.org
27,Scott Chandler,Michaelstad,zgibson@gmail.com
28,Dylan Morris,Jenkinsburgh,curtisspencer@harris-goodman.com
29,James Smith,Mullenton,vsanders@galloway.net
30,Alicia Wright,Jenniferport,paula41@smith.com
31,Christina Simmons,Jenningsport,kathleen22@fisher-jones.com
32,Kevin Stanton,Washingtontown,zwalker@yahoo.com
33,Justin Hernandez,Sheilabury,shawn63@haney.com
34,Edward Kennedy,Sharpside,michael23@santiago-rosario.com
35,Kimberly Townsend,North Mitchell,dgomez@lee-edwards.com
36,Melanie Harris,New Jeffreymouth,mikaylaellis@lambert.com
37,Brian Hoffman,Chaseton,norriscameron@tanner-clark.info
38,Jessica Moran,West Teresaburgh,alexcombs@yahoo.com
39,Leslie Wolfe,Georgestad,qthomas@guzman.com
40,Francis Dougherty,West Michael,djones@gmail.com
41,Christopher Ross,Hudsonton,xcollins@jones-chung.com
42,Kelsey Delacruz,North Makaylamouth,cheryldavidson@smith.org
43,Jack Fields,South Jamesfurt,sarah64@francis.com
44,Mrs. Tiffany Parker,Romeromouth,lewisjames@brown.com
45,Jacqueline Garcia,Matthewtown,jimmy01@delacruz.com
46,Robert Baker,North Jay,cyang@terry.com
47,David Pearson,Bennettborough,nyoung@yahoo.com
48,Jenna Guzman,North Donald,danielstammy@gmail.com
49,Justin Mitchell,Churchland,shawandrew@hotmail.com
50,Tammy Hernandez,East Michaelhaven,williamsjeffrey@yahoo.com
51,Zachary Watson,Lake Kaylee,eric25@yahoo.com
52,Jonathan Sandoval,South Megan,daniel04@brown.info
53,Thomas Jones,Port Mary,feliciacollins@gmail.com
54,Cheryl Montoya,Kellyfort,bcarter@yahoo.com
55,Kelsey Crosby,West Kevin,tammy70@hotmail.com
56,Justin Howe,Markborough,ubates@harmon.com
57,Susan Richardson,Warrenland,ymartinez@hotmail.com
58,Robert Allen,Jenniferchester,ywilliams@yahoo.com
59,Frederick Powers,West Anna,parker06@harvey.com
60,Cassandra Sanchez,West Ashleymouth,rholloway@gmail.com
61,Richard Stewart,North Justinview,rfowler@yahoo.com
62,Heidi Wood,Walkermouth,cwhite@yahoo.com
63,Cameron Turner,North Peterville,tmoore@gmail.com
64,Erika Buchanan,West Dawnhaven,mcculloughchristopher@rodriguez.biz
65,Michelle Williams,West Kevin,diamondjackson@prince.com
66,Tracy Peterson,South Pedrobury,xkhan@gmail.com
67,Amber Torres,Williamshire,qfrazier@yahoo.com
68,Joshua Rodgers,North Phillipville,mary29@good.org
69,Patricia Patel,Masonbury,cooperkristopher@lawson.com
70,Taylor Rodriguez,Alvinburgh,carrie29@olson.com
71,Harry Hoover,Knightport,yoderkimberly@yahoo.com
72,Jodi Sullivan,Johnport,stephaniejones@yahoo.com
73,Anthony Holloway,Phillipsburgh,donnabrewer@stewart-davis.com
74,Madeline Castro,Brandontown,ianderson@yahoo.com
75,Danielle Moore,New Christopherland,craig40@burgess.org
76,Jennifer Odom,South Karen,toddyvonne@yahoo.com
77,Stephanie Rodgers,Frankland,vargasjoseph@gmail.com
78,Tammy Jordan,Teresaberg,jacqueline66@krueger.com
79,Thomas Griffin,East Robinside,ezavala@yahoo.com
80,Carl Harrison,South Kevin,baileyrobin@hotmail.com
81,Brian Moore,South Cameron,yadkins@anderson-may.com
82,Katelyn White,New Shannon,kelly21@edwards-hernandez.com
83,Mary Johnson,South Ericborough,pughaaron@briggs.com
84,Shannon Brown DVM,Aguilarborough,abbottabigail@yahoo.com
85,Jessica Martinez,Jameschester,michelelucas@hotmail.com
86,Mr. Jason Jones,Hunttown,jennamclaughlin@smith-kemp.com
87,Justin Miles,Courtneyland,amandafrench@rogers-taylor.net
88,Eric Fisher,Schmidtton,benjamin88@gmail.com
89,Melissa Hansen,East Christinaland,anna83@hotmail.com
90,Cindy Palmer,Hannahtown,tinaadams@thompson.com
91,Kelly Davenport,East Rodneyton,yhuynh@hotmail.com
92,John Rodriguez,South Whitneyside,xklein@yahoo.com
93,Julia Ramos,Port Erin,tara96@taylor-burch.com
94,Rodney Herrera,South Abigail,lawrence52@yahoo.com
95,Kathryn Williams,South Benjaminport,matthew01@gmail.com
96,Amanda Wilkins,Barrerachester,zdavis@brown.org
97,Joseph Johnson,New Marvin,brownnancy@myers.com
98,Philip Howell,West Mark,david90@espinoza-contreras.com
99,Timothy Arias,Alexiston,kim15@hotmail.com
100,Sydney Taylor,Deannatown,lgreen@yahoo.com
101,Vanessa Jones,Kochbury,benjamin94@erickson.com
102,Desiree Figueroa,Bennettbury,melody96@gmail.com
103,Angela Brown,Markfurt,stephanietaylor@curtis.biz
104,Ashley Thomas,South Michael,lorili@figueroa.org
105,Gary Harris,Fernandezton,astevens@turner.com
106,Ashley Garcia,Lake Angelastad,devans@hotmail.com
107,John Patterson,Matthewtown,victoriadavis@hood.com
108,Angela Perez,West Brandon,anthonysexton@gmail.com
109,Robert Peterson,South Christopher,billy83@barnes.biz
110,Gregory Mason,Annamouth,ufoley@yahoo.com
111,Mr. Joseph Donaldson,East Wesley,edwinwoodard@turner.com
112,Randall Moss,Stephenport,walshlauren@hunter-buchanan.com
113,Jill Pruitt,Nelsonview,jessica06@gmail.com
114,Shelby Trujillo,Andersonbury,debramarshall@flores.com
115,Andrea Johnson,Nathanielbury,zdaniel@mcknight.com
116,Linda Pope,Lake Nicoleport,paul36@yahoo.com
117,Frank Castillo,North Shelby,alejandro36@marshall-lewis.com
118,Emily Steele,Lake Adamshire,brandi34@gmail.com
119,Alexander Brown,South Jeremiahfort,richardsimmons@gmail.com
120,Christopher Green,East Cody,emmaochoa@yahoo.com
121,Timothy York,Robinsonstad,whess@gmail.com
122,Steven Tucker,Stephaniefurt,brentlivingston@roberts-mendoza.com
123,Nicole Reeves,Lake Amanda,gnewman@yahoo.com
124,Christopher Montgomery,Port Matthewstad,desireefreeman@hotmail.com
125,Christian Gomez,Rogersberg,jessica02@gmail.com
126,Christopher Willis,Jenkinsstad,sandra85@brown.com
127,Dylan Wright,Ryanville,amanda83@yahoo.com
128,Andrew Wright,Port Kimberly,byrdkimberly@gmail.com
129,Hunter Rubio,West Anneside,ijohnson@gmail.com
130,Paula Chan,North Valerie,angelasims@weber.com
131,Sharon Greer,Lake Renee,mbooker@johnson.com
132,Jacob James,Moranland,matthewjames@hotmail.com
133,Sarah Hudson,South Johnview,lewisteresa@dillon-taylor.net
134,Kyle Parsons,North Cindyview,tiffanyjones@foster.com
135,Dana Collins,West Juliaside,eduardo69@yahoo.com
136,Tracy Morrow,New Antoniofort,natalie41@gmail.com
137,Matthew Hoffman,Harrisfurt,patricia23@hotmail.com
138,Rhonda Chase,Deborahshire,andrewjordan@hotmail.com
139,Hunter Wood,Rodneyborough,karen80@gmail.com
140,Emily Hayden,West Lonnieview,catherinewood@gmail.com
141,James Lopez,West Suzanneside,jacqueline34@yahoo.com
142,Patrick Anderson,Ellenberg,makayla28@yahoo.com
143,Barbara Garcia,Lake Robertbury,troy03@brooks.com
144,Kevin Wong,Weberhaven,corytanner@jones.com
145,Andrew Frost,Samanthaburgh,denise23@kelley.com
146,Michael Thomas,Matthewhaven,nicolemartinez@hotmail.com
147,Corey Brennan,Kennethstad,davidcohen@yahoo.com
148,Stephanie Burgess,New Kevin,dominiquemoore@gmail.com
149,Deborah Jordan,Edwardchester,kdiaz@clark-garza.com
150,Jennifer Woods DVM,South Petermouth,maryevans@gmail.com
151,Larry Blackburn,West Angelahaven,nwilliams@matthews.com
152,Regina Holland,Port Connor,williamszachary@hall.net
153,Samuel Moss,Yvonneberg,logan14@yahoo.com
154,Andre Munoz,Danielmouth,rojasrichard@hernandez.com
155,Mikayla Ward,West Johnshire,rachelcervantes@gmail.com
156,Bob Martin,Mcculloughmouth,alexandra88@yahoo.com
157,Kevin Garcia,Colestad,erin31@yahoo.com
158,Victor Myers,Port Joel,michaelmoreno@gmail.com
159,Michael Perez,Stevenview,castillodaniel@brown.org
160,Tamara Gonzalez,Port Christinaview,alvarezdavid@gmail.com
161,Kyle Parks,Lake Andre,oellison@yahoo.com
162,Cynthia Campbell,Lake Maryborough,jameslove@wilson.com
163,Peter Bailey,West Tiffany,romerokristin@torres.biz
164,Melissa Landry,East Emilyhaven,melissawilliams@hunter-hayden.net
165,Anthony Miller,Popeside,folson@harper-terrell.com
166,Joshua Wolfe,Port Williamtown,jessicamccarty@good.com
167,Joy Travis,East Emilyville,lewiskathy@kidd-cole.com
168,Brian Perez,Derrickton,melanieatkins@yahoo.com
169,Calvin Long,Port Matthew,bryanttheresa@gmail.com
170,Brandon Day,Colemanborough,melissareed@yahoo.com
171,Dr. Kimberly Blair,New Paul,nicoleclements@parker-chambers.net
172,Justin Hicks,New Tinachester,marshallsarah@thomas-moore.com
173,Sharon Franco,Simpsonville,shanelloyd@gilbert-smith.com
174,Kristy Ayers,Jessechester,cleach@mendez.com
175,Joshua Sanders,South Sherri,billy38@yahoo.com
176,Sarah Montoya,Rodriguezland,vstout@gmail.com
177,Travis Gonzalez,Whiteburgh,brocha@hotmail.com
178,Anthony Stone,South Peter,prattrebekah@davis-krueger.com
179,Kevin Navarro,Port Maryhaven,blogan@bauer.com
180,Brittany Hopkins,Russoville,johnwatkins@richards.com
181,Charles Diaz,East Loristad,garrettannette@dennis.com
182,Johnathan Frey,Lake David,michelle43@gmail.com
183,Courtney Villanueva,East Annastad,christophermills@arias-miller.com
184,Jason Smith,Elizabethtown,nicole67@gmail.com
185,Elizabeth Jackson,West Michelleside,tuckerdoris@hotmail.com
186,Megan Hodge,Evanston,jenniferlopez@hall-moore.com
187,Joseph Rivera,Lake Carlosshire,lbradley@dean.biz
188,Mr. Dylan Mcfarland,Whitneyport,smithjames@gmail.com
189,Joseph Colon,Shaneberg,clarence06@nash.com
190,Justin Buck,Lake Angela,deborah56@brooks.com
191,Linda Strong,North Heatherland,hochoa@gmail.com
192,Patrick Gonzalez,Lake Tamaraport,brownphilip@pratt-snyder.com
193,Mary Anderson,North Carol,daviscraig@ellis.info
194,David Molina,South Bianca,patricia96@hale-watkins.com
195,Ryan Davis,Deanland,anitanelson@logan-wilson.com
196,Tammy Torres,Andrewberg,sloantracy@hotmail.com
197,Kristi Brown,Jamesfurt,stephenphillips@gmail.com
198,Rebecca Sherman,Michelleton,thomasthompson@roberts-snyder.com
199,Nicole Clark,North Nicole,kristinacunningham@sullivan-hernandez.com
200,Christopher Nguyen,Zavalaton,ljames@yahoo.com
201,Teresa Hansen,Patriciaport,perezmelinda@hotmail.com
202,Stephanie Glover,Matthewmouth,tanya46@pham.com
203,Christine Chavez,Port William,fordtom@hebert-rivera.com
204,Rebecca Navarro,Port Brianburgh,paul48@cox.com
205,Timothy Costa,Marksview,alexis15@gmail.com
206,Brandon Ellis,North Jesse,jordan34@gmail.com
207,David Hall,Shawchester,egonzalez@weber.com
208,Gerald Benitez,Proctorview,kfaulkner@hotmail.com
209,Russell Michael,Lake Baileystad,wellsamanda@vasquez.com
210,Gavin Williams,Loganfort,dholland@logan.com
211,Rebecca White,New Amy,etorres@curtis.biz
212,Timothy Hart,Lake Sarahland,mccormickkristin@neal-murray.com
213,Nicole Hendrix,Wilkinsburgh,gibsontravis@jones-robinson.com
214,Ashley Malone,East Johnnychester,robertphillips@hotmail.com
215,Kelly Hopkins,New Jeremystad,johnsontara@perry.biz
216,Barbara Warren,New Mariah,tammywilliams@hotmail.com
217,Kelsey Young,Wendyborough,mcdowellgregory@hotmail.com
218,Elizabeth Torres,New Sonya,glennmeyer@valentine-paul.com
219,Timothy Hawkins,Foleymouth,melissaperez@hotmail.com
220,Mrs. Alexa Young DDS,Matthewton,qcarrillo@yahoo.com
221,Jacob Arnold,South Yolandafort,johnpratt@woods-gill.info
222,Wesley Dixon,Ryanland,isaacbrown@henry.org
223,Tyler Diaz,Barbarachester,jasondelgado@reed.net
224,James Harvey,New Tammyland,oyoung@gmail.com
225,Kevin Moore,Shafferton,jacksonbrianna@yahoo.com
226,Heidi Dalton,New Samuel,diana15@powell-smith.info
227,Erica Peters,Holmesland,rogersjennifer@hobbs.com
228,Charles Dodson,Anthonystad,emilybaker@yahoo.com
229,Craig Holland,Port Leeland,ibarrajohnny@hotmail.com
230,Crystal Mathis DDS,Port Kayla,kristenmeza@mullins.biz
231,Aaron Rodriguez,South Pamelastad,castrokelly@green-munoz.biz
232,Amanda Morris,Lake Andrewville,meyersemily@downs-duncan.com
233,Matthew Richardson,Hamptonbury,drivers@martinez.com
234,Matthew Davidson,Matthewschester,mkerr@kennedy.net
235,Curtis Sandoval,Lake Benjaminburgh,ambermcgee@pearson.org
236,Natalie Bowman,Patrickstad,karennelson@yahoo.com
237,Christina Hill,New Steven,dustin45@hotmail.com
238,Carol Perez,North Damonhaven,hperez@gmail.com
239,Jared Zhang,Port Lindsey,castroalan@hotmail.com
240,Nicole Rogers,Lake Cathyborough,christopher67@thompson-roach.info
241,Timothy Bishop,West Marc,sshepherd@hotmail.com
242,Jesse Callahan,North Billy,paulawilliams@adams.org
243,Kimberly Stewart,Stephensstad,martinezmichael@yahoo.com
244,Tyler Cox,North Triciaberg,cohensteven@lawson.com
245,Gregory Meyer,Wellsfurt,jamesjames@hotmail.com
246,Kathleen Becker,Lake James,mendozacody@gmail.com
247,Catherine Henry,Edwardsside,karen84@carter-williams.com
248,Cory Nelson,Lake Timothy,robert67@cox.org
249,Tracy Perry,Port Zacharyburgh,weeksmarc@briggs-hill.com
250,Angie Price,New James,barbaracombs@hotmail.com
251,Fernando Thomas,South Kyleville,carldixon@yahoo.com
252,Jonathan Matthews,Sergioland,marvin10@yahoo.com
253,Lynn Leblanc,New Barbarachester,philip28@johnson.com
254,Sherry Marshall,Atkinston,qpayne@hotmail.com
255,Mark Erickson,Christinashire,nathan16@yahoo.com
256,Karen Abbott,Johnsonborough,hahnjoan@yahoo.com
257,Tammy Parrish,Hollowayland,joseflores@yahoo.com
258,Rachel Adkins,Kevinberg,raymond73@gmail.com
259,Maria Carroll,South Shannonhaven,bmarshall@bennett-vincent.com
260,Katherine Atkins,Gallaghershire,jeffrey76@taylor.info
261,Cheryl Richardson,East Danielle,patricksmith@guzman.com
262,Juan Tran,Mccoymouth,gary17@jackson.info
263,Michael Barber,Port Teresa,savannah77@hotmail.com
264,William Hill,Port Kimberlyshire,carlhernandez@gonzales.com
265,Yesenia Cole,Mariafort,karen89@parks.info
266,Brandon Wong,Jamieborough,melissa95@yahoo.com
267,Stanley Trevino,Andersonshire,amanda89@cruz.org
268,Christopher Schneider,Webstermouth,randall89@marsh.info
269,Joseph Gregory,West Kathleenstad,clong@henry-hopkins.com
270,Donald Ford,Garrisonchester,terrymichael@yahoo.com
271,Debra Gonzales,Barbarahaven,pramos@yahoo.com
272,Tracey Thompson,Lunafurt,jacob55@brown-fernandez.net
273,Angela Mendoza,New Scottbury,kaylaking@yahoo.com
274,David Mccormick,South Nicholasport,regina01@lewis.com
275,Robert Hernandez,Kathrynside,loripowell@hotmail.com
276,Michele Perez,South Seanfort,vgreen@johnson.org
277,Jamie Lin,Thomaston,edward65@yahoo.com
278,Deborah Mack,Lake Benjaminberg,simsryan@collier.com
279,Christopher Watson,West Garrettshire,hannahdiaz@hotmail.com
280,Karen Jimenez,Lake Ginaton,misty39@gmail.com
281,Karen Juarez,Perezfurt,ernest11@hotmail.com
282,Katherine Bolton,West Traciport,wpeterson@wood-edwards.com
283,Rhonda Burch,West Becky,zrodriguez@yahoo.com
284,John Chavez,Lake Antonio,ewhite@hotmail.com
285,Justin Cross,Port Tashabury,alec77@hotmail.com
286,Mrs. Maria Garcia,New James,lucerodaniel@hotmail.com
287,Anthony Johnston,North Samantha,olivia21@yahoo.com
288,Ryan Brooks,West Lindamouth,justinharris@parks-wu.com
289,Cory Robinson,Port Kayla,qporter@powell-dennis.com
290,Dominique Taylor,New Sarahfort,chelsea40@hotmail.com
291,Glenn Eaton,Jenkinshaven,hamiltondonald@yahoo.com
292,Margaret Johnson,Adambury,dhenderson@gmail.com
293,Megan Escobar,Morganport,edwardmcconnell@marquez.com
294,Tabitha Sanders,North Cheyenne,douglashopkins@lopez.info
295,Charles Beck,Williamsbury,matthew04@hotmail.com
296,Kelly Sullivan,Maddoxton,bcruz@rodriguez.com
297,Dawn Jones,East Margaretborough,rodriguezkimberly@perez.com
298,Tara Simon,North Michael,randy03@smith.info
299,Jacob Fox,West Steven,ibennett@gonzalez.com
300,Alicia Morgan,West Erikashire,sherry86@brown.com
301,George Forbes,Michaelside,tiffanyschneider@anderson.org
302,Donald Taylor,Fernandezhaven,jenniferwilson@jones-collins.com
303,Ross Booker,Timothytown,jennifer71@hotmail.com
304,Christopher Davis,Christopherton,robert88@gmail.com
305,Julie Mendez,Dylanville,sandra90@hotmail.com
306,Kim Cole,East Haroldshire,wyattjames@hotmail.com
307,Lynn Wright,Ramirezfurt,andersonkimberly@yahoo.com
308,Scott Davis,Higginsfurt,brenda37@rogers.biz
309,Laura Boyd,West Hannah,zachary97@sanchez-johnson.com
310,Julia Lopez,Barnesstad,thomasburton@gmail.com
311,Haley Kim,Danielchester,colongarrett@roach.com
312,Stephanie Kennedy,Port Lawrenceton,nhernandez@lee.org
313,Michael Garcia,Oconnortown,michaelhall@gray.com
314,William Lopez,Lake Davidhaven,hancockstefanie@frazier.com
315,Mike White,South Laura,cfranklin@singh.com
316,Kevin Holloway,South Vickieland,thompsonmark@davis-thompson.com
317,Laura Robbins,Ellisland,coxmark@garrison.com
318,Evan Munoz,Pittsville,nancyhodge@hampton.com
319,Penny Gray,Longfurt,zhodges@gmail.com
320,Donna Benson,Stephanieville,michellemccormick@floyd-conley.com
321,Pamela Hobbs,South Stevenmouth,jonesalexander@harris-jackson.info
322,Zachary Williams,West Sarah,timothyharrison@perez-richards.net
323,Kristin Baker,Mayfort,xturner@hotmail.com
324,Lance Lee,South Jeffery,sandra44@yahoo.com
325,Michelle Smith,Madelineside,anthonygoodman@mendez.biz
326,Charlene Bond,Wallsshire,cynthia83@brooks.info
327,Tanya Henry,Brandonport,ecollins@gmail.com
328,Shawn Best,West Michaelmouth,umiller@todd.com
329,Mario Gaines,Butlerborough,adrian74@morris-zhang.org
330,Andrea Norton,New Alanbury,aaronthomas@gmail.com
331,Scott Warren,East Meganfort,michellewerner@sanchez.com
332,Colin Peterson,Carolstad,peterrodriguez@hotmail.com
333,Jennifer Miller,Port Bruceport,michaelhunt@gmail.com
334,Carrie Tucker,North Linda,ojackson@mccormick.biz
335,Joseph Beltran,South Luis,hpatton@hotmail.com
336,Cindy Smith,Aliciamouth,uhicks@jones-robinson.com
337,John Leblanc,South Gloriamouth,rtaylor@yahoo.com
338,Ashley Nguyen,North Jonton,pmartinez@gmail.com
339,Xavier Washington,Port Alisonland,morriscatherine@yahoo.com
340,Marilyn Vargas,Patriciastad,frank52@bauer.com
341,Katrina Edwards,Danielleshire,sheilapena@robinson-ramos.net
342,Alexandra Sanchez,Stephenchester,xgreen@gmail.com
343,David Anderson,East Michael,lindseyturner@zhang-stevens.com
344,Samantha Hubbard,Matthewstad,hughesmichael@salazar.com
345,Dr. Tyler Vaughn PhD,Landryside,brandonnelson@bryant.com
346,David Diaz,Harrishaven,jason38@reynolds-rodriguez.com
347,Melanie Williams,Barbarashire,aaronbarton@lewis.net
348,Sandra Jones,South Markview,usimon@hotmail.com
349,David Hubbard,New Crystalhaven,dhuff@thompson-dyer.com
350,Linda Calhoun,East Nancytown,cannonchristopher@hotmail.com
351,Kimberly Ross,Moralesburgh,wcox@yahoo.com
352,Jennifer Campbell,Vasqueztown,bishopmallory@hotmail.com
353,Christopher Nicholson,South Benjamin,ngreen@ball.com
354,Patricia Stone,Adamchester,nmarshall@fox-porter.com
355,Donna Carey,Lake Kathytown,annette05@zimmerman.com
356,Samantha Rodriguez,West Peter,wrightapril@hawkins.info
357,Ashley Lucas,Brandonshire,atkinsjennifer@hotmail.com
358,Christine Chavez,Dyermouth,mary95@hotmail.com
359,Kimberly Graham,Morganview,jennifer71@gmail.com
360,Sheila George,West Stephaniestad,mbishop@gmail.com
361,Catherine Alexander,North Samanthaborough,sandersemily@newman-richards.com
362,Kristen Harvey,Lake Joshua,welchchris@yahoo.com
363,Stephanie Vega,Mosleyborough,hwhite@dunn.com
364,Jennifer Robertson,South Rachelborough,sclark@hotmail.com
365,Pamela Shannon,Seanchester,anthonyburns@yahoo.com
366,Jennifer Phillips,South Paulhaven,hevans@hamilton-petty.net
367,Robert Freeman,Piercefort,sharon17@gmail.com
368,Connie Kim,South Williamview,maria67@yahoo.com
369,Ernest Anderson,East Robertport,carolinevasquez@gmail.com
370,Latasha Mcknight,Summerberg,matthew11@hotmail.com
371,Kathryn Leon,Nathanielfort,theodorebenjamin@yahoo.com
372,Tony Rhodes,Taylorberg,rcarter@gmail.com
373,Jeremy Calhoun,New Jacqueline,markdavis@allen.com
374,Marie Gonzalez,Hammondshire,whitewendy@diaz.biz
375,Angelica Townsend,Lake Curtis,nicholas60@madden.biz
376,Nicholas Johnson,Port Amanda,jameshahn@yahoo.com
377,Kristi Simpson,Hernandezshire,melissa14@yahoo.com
378,Tara Patel,Stoneton,dawsonmichael@jones.com
379,Jaime Jones,West Catherinemouth,michelle94@gmail.com
380,Samantha Walker,North Devin,kevinlang@yahoo.com
381,Eric Clark,Robertborough,rita29@lewis-ray.info
382,Wendy Ortega,New Theresa,smithvalerie@gmail.com
383,Elizabeth Tucker,Kimberlyhaven,rwebb@gill.com
384,Diana Cox,West Cynthiaport,djones@gmail.com
385,Charles Tapia,South Gwendolyn,kellerjessica@holmes-douglas.biz
386,Dr. John Osborne,East Joelmouth,kyle72@blanchard.biz
387,Kaitlyn Strong,Michaelshire,jamieunderwood@gmail.com
388,Amanda Carey,Rachelshire,sphillips@lee.com
389,Jasmine Kelly,Ellisberg,iallen@gmail.com
390,Amanda Little,Vanessachester,wareruben@murray-holloway.com
391,Tina Gibson,Davisport,tiffanyjones@yahoo.com
392,Michael Caldwell,Port Justin,rjennings@thompson.net
393,Stacy Hobbs,East Frankview,jameswalker@hotmail.com
394,Natasha Taylor,Wesleymouth,scott27@gmail.com
395,Willie Moyer,Stephenmouth,kcastro@yahoo.com
396,Crystal Watson,Robertside,lopezrobert@mack-ramirez.com
397,Michael Martin,East Daniellemouth,mwalters@richardson-knapp.biz
398,Jacqueline Murphy,East Lauriemouth,hillerin@spencer.info
399,Wendy Williams,South Michael,mccartydanielle@walker-valentine.com
400,Tiffany Davis,Jasonmouth,kathy44@brown.com
401,Suzanne Blackburn,Mcleanport,ywarren@gmail.com
402,Jackson Sullivan,Mollyton,francisco41@phillips.com
403,Michael Weaver,Austinhaven,ghoward@haley-ryan.com
404,James Morgan,West Thomasshire,jenniferbrown@gaines.com
405,Bradley Rivas,Lake Robert,michelle60@bryant-silva.com
406,Richard Bennett,Leeside,brooksmicheal@yahoo.com
407,Carl Navarro,Silvashire,greerandrea@johnson.com
408,Chad Smith,New Michelle,oclark@cole-fowler.com
409,Randy Anderson,West Kathystad,adrian19@hotmail.com
410,Jill Rodriguez,East Vincent,murphydavid@gmail.com
411,Connor Gomez,North Wesley,jesse95@gmail.com
412,Jennifer Kelley,New Gregoryton,mitchellcathy@ellis.com
413,Melanie Underwood,New Rebecca,crystaljones@gmail.com
414,Kevin Gonzalez,Dianeland,vreed@williams-cole.com
415,Kathleen Chavez,South Brianafort,melindabaird@yahoo.com
416,Tracy Allen,Port Kellyfurt,garzasamantha@matthews-brown.com
417,Rebecca Adams,East Ryan,stephen19@ferguson.biz
418,Mr. Sean Shelton,Mccoyside,thomas18@yahoo.com
419,Mitchell Berger,West Michele,ulewis@smith.com
420,Nicholas Rodriguez,Leemouth,churchjared@simmons.com
421,Heidi Smith,Petersonbury,angelapage@gmail.com
422,Amanda Proctor,North Christian,qcervantes@gmail.com
423,Stephanie Ferrell,West Anthony,pramirez@gmail.com
424,Elizabeth Fletcher,West Danielburgh,michelle62@gmail.com
425,Monique Sawyer,Tuckerfort,stacyjohnson@hotmail.com
426,Pamela Keith,South Anthony,andrewjohnson@dunn-wright.org
427,Chelsea Miller,West Juanport,underwoodgregory@hernandez.biz
428,Kenneth Graves,East Steven,brittany14@hotmail.com
429,Bob Phelps,Lawrenceland,patelsteven@hotmail.com
430,Ryan Jackson,Lake Kyleburgh,myersgeoffrey@yahoo.com
431,Laurie Ortega,East Scott,tfranklin@herrera.com
432,Michael Smith,North Benjaminport,leejohnson@bowman.com
433,Edward Blake,New Stephanie,woodsmelissa@yahoo.com
434,Kristin Harris,Juliestad,norriskatherine@hotmail.com
435,Mr. Charles Hayes Jr.,Reginaldbury,kpearson@williams.info
436,Christine Berry,South David,gnelson@mendez.com
437,Richard Bond,Arthurborough,scottgalloway@waters.com
438,Samantha Davis,Simpsonchester,johnnovak@gmail.com
439,William Payne,Mendozaland,lisayang@gray.net
440,Susan Scott,Hendersonland,eugene81@miller.com
441,Kyle Munoz,East Andreafurt,chadbender@lindsey.com
442,Karen Garcia,Christianchester,bushstephanie@hotmail.com
443,Benjamin Robinson,Garrisonburgh,james30@gmail.com
444,Teresa Mcdonald,Dylanshire,imoore@yahoo.com
445,Katie Daniels,Ruizstad,stevenmcdonald@hudson-castro.com
446,Patricia Beck,Goodmanfurt,gfoster@owens-ortiz.com
447,Aaron Frye,Kathyhaven,brandon40@williams.com
448,Abigail Barrera,North Nicholasmouth,stevenmay@hensley.com
449,Jason James,New Jillianfort,villanuevaaaron@mcdaniel.com
450,Shelly Griffin,Taylorshire,kylewood@gmail.com
451,Alisha Rodriguez,North Kevinfurt,rgonzalez@mullins.com
452,Brian Brown,New Marc,paige10@yahoo.com
453,Tiffany Patterson,Stephaniefort,douglassandoval@yahoo.com
454,James Valenzuela,Williamsborough,thomassherry@shelton.info
455,Anthony Lewis,Duaneport,umcdonald@cunningham.com
456,Karl King,Wareside,wellsshelly@berry.com
457,Kimberly Clements,Perryport,molly43@yahoo.com
458,Ms. Mary Watson DVM,North Lorimouth,ustout@yahoo.com
459,Kristen Stevens,Ashleytown,jerryallen@yahoo.com
460,Lisa Phillips,East Logan,susanvaughn@hotmail.com
461,Herbert Anderson,Cruzton,adrianguerrero@yahoo.com
462,Christopher Johnston,Pattyberg,montesstanley@hotmail.com
463,Stephanie Jackson,Kevinburgh,ayalabrett@lawrence.com
464,Steven Hudson,Millerborough,patriciahunt@velasquez.com
465,Carl Patton,West Dawnshire,brownchristine@wright.com
466,Tammy King,Port Lynnstad,mrivera@mcdaniel.com
467,Elizabeth Pruitt,Wilkersonview,vaughndavid@compton-ford.biz
468,Jared Brock,New Kathleen,washingtonjennifer@yahoo.com
469,Toni Gonzalez,Lopezside,richardsvanessa@young-rivera.com
470,Claudia Campbell,South Michelle,dodsonalice@sanders.net
471,Trevor Pacheco,Williammouth,tonywilliams@frye-gonzales.info
472,Sandra Allen,Port Tylerburgh,ralph10@yahoo.com
473,Tabitha Miller,Alexanderberg,ricky72@mccann.org
474,Patrick Lowe,Jeremyfort,josephsmith@fox.com
475,Nicholas Wells,Stanleyside,bradleyedward@hall-tyler.com
476,Edward Perez,Carlatown,brownlaura@gmail.com
477,Elizabeth Jimenez,Johnhaven,jon46@huang-chan.com
478,Don Burns,East Megan,lcarter@hotmail.com
479,Jane Garcia,Reeveshaven,lbell@hotmail.com
480,Christopher Jacobs,Janetshire,zhines@yahoo.com
481,Chad Myers,West Donna,farrellchristina@nelson.com
482,Teresa Hampton,Lake Williamport,holly03@gmail.com
483,Kathryn Mitchell,Davidborough,morriserica@hotmail.com
484,Victor Hammond,West Destinyfurt,vweaver@castro.info
485,Thomas Lopez,New Jenniferport,frobinson@gilbert.com
486,Ryan Carter,West Jefferyview,michael96@smith.com
487,Scott Thompson,Annaport,mooneysteven@long.com
488,Teresa Garcia,Bernardburgh,rhonda56@harris.com
489,Megan Howard,North Melindaborough,walkerronald@manning.com
490,Bobby Rivera,Port Douglaston,rhondastephenson@ross-berry.com
491,Ashley Sharp,Salinasburgh,april04@gibson.com
492,Claire Foley,Davidhaven,carmenbarnes@turner-garcia.org
493,Traci Shannon,Heatherborough,mercedes56@dixon.com
494,Jason Smith II,Port Joshua,andrew01@jackson-rodriguez.net
495,Brianna Rodriguez,South Laura,martinmichael@hotmail.com
496,Jason Brown,Lake Natalie,pnash@yahoo.com
497,Christopher Marsh,Lake Garyfort,triciabennett@yahoo.com
498,Christopher French,Vanessaton,vmills@harris.net
499,Julie Rogers,Andrewsstad,cwhite@gmail.com
500,Heather Jensen,Kurtton,murphynicholas@hotmail.com
501,Patricia Thomas,Lake Joshuaville,michaelfuentes@yahoo.com
502,Melissa Smith,North Ashley,stephenclark@hotmail.com
503,Brandy Snyder,South Stephanie,perrycasey@yahoo.com
504,Cheryl Estrada,Pamberg,mtorres@gmail.com
505,Brittany Cummings,Martinton,leaaron@carson-floyd.com
506,James Harris,Bautistamouth,campbellsteven@ramos.com
507,Cindy Powell,Nicolechester,joycebeck@yahoo.com
508,David Smith,North Kennethmouth,aphillips@yahoo.com
509,Megan Jones,Vickieport,holly18@gmail.com
510,Bruce Cisneros,Port Tony,sarahjuarez@burton.com
511,Robert Hinton,Port Chelsea,aaron37@gmail.com
512,Misty White,Grahamborough,ryan02@shaw.com
513,Francisco Martinez,Novakside,oconnorjoshua@yahoo.com
514,Christopher James,Carlside,coledarrell@warren.info
515,Richard Gonzalez,Franciscohaven,michaelfox@smith.com
516,Tonya Johnson,East Christina,victor87@hernandez-james.info
517,Laurie Zamora,South Dustin,brian43@galloway-kane.com
518,Rebecca Hoffman,Millerhaven,anthonyharris@michael-black.info
519,Toni Anderson,Port Maryside,blackjenna@fitzgerald.com
520,Felicia Davidson,Sandrafort,michaelward@hotmail.com
521,Jackie Mcknight,Port Christopher,schultzchristine@hotmail.com
522,Kevin Holmes,Port Dawnchester,uramirez@gmail.com
523,Jessica Zimmerman,New Melissaport,shelbywagner@rivera-chandler.com
524,Richard Miller,Mortonchester,michellemurphy@parks-rojas.com
525,Carl Bentley,Petersonville,christinestuart@cain-baker.org
526,Aaron Chapman,West Davidfort,andreafischer@hotmail.com
527,Thomas Gomez,Lake Michael,schmidtjennifer@brooks.com
528,Christy Moody,Mcgeeland,andersonjessica@adkins.org
529,Erica Foster,Christinaside,ejackson@hotmail.com
530,Manuel Ellis DVM,Lake Stephaniefurt,rwoodard@yahoo.com
531,Philip Smith,South Mary,frazieradam@gmail.com
532,Samuel Moore,Frankborough,david03@gmail.com
533,Michael Graves,Hernandezberg,lisa28@gmail.com
534,Amy Rivers,Williamtown,brandon19@freeman.org
535,Jessica Adams,Baileyton,kjohnson@hotmail.com
536,Samantha Murray,North Elizabethstad,timothy34@kramer-may.com
537,John Davis,Rossburgh,leephilip@yahoo.com
538,Elizabeth Huber,Haroldport,susancampbell@gmail.com
539,Diana Wallace,New Kevin,stephen60@gmail.com
540,Amy Burke,East Jose,xbrooks@hotmail.com
541,Julia Mann,Thomasstad,qkirby@huynh.com
542,Austin Carlson,Amandaburgh,mark97@gmail.com
543,George Lopez,Heatherville,cruzerica@stokes-whitney.biz
544,Christine Jarvis,Port Michaelborough,hardingsteven@gmail.com
545,Susan Chang,Floresfort,icarter@blanchard.biz
546,Donald Black,East Bradleyfurt,brewernancy@browning.com
547,Leslie Baker,East Julieborough,lisacollier@davis.com
548,Stephanie Waters,Lake Erikton,angela61@gmail.com
549,Christina Gutierrez,Deborahmouth,sbenjamin@morgan.com
550,Michael Warren,Lake Edwardland,parksherbert@hamilton-garcia.biz
551,Lawrence Dunn,South Kim,sara86@gmail.com
552,Laura Baker,Port Beckyview,dayangel@harris.biz
553,Michael Macdonald,Taylorside,lwilliams@gmail.com
554,Joel Wood,Perrybury,grobinson@hotmail.com
555,Kristen Russo,Port Johnberg,usalas@adkins-johnson.info
556,Zachary Mitchell,Myerschester,jennifer15@yahoo.com
557,Benjamin Walton,Zoeview,randall84@barker-vazquez.org
558,Taylor Montoya,Gallegosmouth,ykramer@gmail.com
559,Matthew Brown,Liland,kellerdaryl@webster.biz
560,Bradley Wu,Colemantown,ryanmario@hotmail.com
561,Donald Mcdonald,Rosariostad,evan21@johnson.com
562,David Foster,Lake Joshua,marialeach@reed.info
563,Jack Hill,Port Kevin,matthewortiz@morrison.com
564,Kathryn Lopez,Murrayton,terry35@hurst-beard.com
565,Amanda Peters,New Kristinburgh,michelle00@hotmail.com
566,Veronica Schneider,East Kaitlinfurt,sloanemily@hotmail.com
567,Leslie Mullins,Steinside,gabriel73@hotmail.com
568,Nicole Jordan,Anthonyburgh,hnavarro@vega.info
569,Donna Page,South Kevinbury,clarkanthony@barr-thomas.com
570,Katherine Jackson,Joanmouth,tranchris@novak.info
571,Patricia Chambers,Andrewbury,maryjones@hayes.com
572,Susan Schmitt,East Williamtown,angela45@bullock-moore.biz
573,Mario Love,West Valerietown,mariafreeman@clark.org
574,James Bruce,Richardville,philipaguirre@gmail.com
575,Cassidy Rodriguez,Garciaberg,abrown@lindsey.com
576,Allison Thomas,Colemanville,ipadilla@ramirez-smith.net
577,Jackie Hernandez,Marymouth,jeremy26@gmail.com
578,Shari Russell,Robertburgh,smithchristopher@smith.com
579,Adrian Alvarez,Juanburgh,richardhicks@herrera.com
580,Darren Crawford,Leahmouth,bvilla@bush-hensley.org
581,Joshua King,Port Samantha,christopherdavis@gmail.com
582,Robert Short,Brownmouth,asoto@jones-burns.com
583,Eric Collins,Hamiltonmouth,riverasamantha@gmail.com
584,Christina Burns,West Katherine,phinton@greene.info
585,Tanner Harper,Mendozaburgh,walkernathan@yahoo.com
586,Rebecca Sosa,South Timothystad,kdavid@osborne.info
587,Charles Kim,East Matthewmouth,rileymercedes@hotmail.com
588,Steven Daniels,Port Laurenmouth,davidbuchanan@hotmail.com
589,Monique Adams,New Chase,cunninghamlisa@gmail.com
590,Austin Hudson,Rodneyville,jessica87@gmail.com
591,Heather Oneill,South Sherrybury,butlersarah@yahoo.com
592,Jenna Coleman,New Johnmouth,fowlerkelly@gmail.com
593,David Miller,Anthonyfurt,lauriehess@gmail.com
594,Brittney Glover,New Julie,shughes@hotmail.com
595,Douglas Moore,Angelatown,victoria63@austin-vaughn.com
596,Sandra Rangel,East Christinamouth,xjohnson@price.biz
597,Corey Mclean,Andersenburgh,matthewharvey@day.com
598,Claire George,North Josephshire,alishaharris@allen.com
599,Christine Carroll,West Philipchester,williamsanthony@hotmail.com
600,Allison Silva,New Natashaview,jeffreyhernandez@yahoo.com
601,Kurt Anderson,Danielport,martinezjames@hotmail.com
602,Crystal Vargas,Allenmouth,hunternest@gmail.com
603,Michael Lee,North William,larryhall@hotmail.com
604,Robin Larsen,South Brian,patrickfields@gmail.com
605,Ashley Johnson,West Judyshire,johnsonrenee@lewis.com
606,Mary Cross,Joeborough,ckennedy@ward.com
607,James Allen,Skinnerport,nphillips@hotmail.com
608,Michael Peters,Lawrenceton,bryan16@silva.com
609,Matthew Griffith,North John,cpoole@fletcher-villarreal.net
610,Jessica Foster,Lake Sheilachester,toddliu@yahoo.com
611,Michelle Simmons,West Douglasbury,johncummings@russell-kent.com
612,David Ochoa,West Alejandrotown,wlong@yahoo.com
613,Sandra Mack,Rosarioburgh,michaellamb@mitchell-brown.com
614,Katelyn Howard,Paulberg,sharon13@yahoo.com
615,Gregory Mosley,Odonnellberg,jacobmoore@yahoo.com
616,Jeffrey Torres,Davidview,ybryant@garcia-knight.com
617,Lance Quinn,Louisbury,fischergregory@manning.com
618,Mary Hebert,Sophiaburgh,kirbysamuel@gmail.com
619,Vincent Ford,Nicoleview,amyday@hess.org
620,Crystal Buchanan,South Ashleyberg,curtis17@hotmail.com
621,Eric Johnson,South Kathleenfort,cooleyamy@hotmail.com
622,Daniel Hanson,Christianfurt,vargasjeffrey@williams.info
623,Brian Daniels,Port Rachel,nelsonchad@gmail.com
624,Richard Hardy,Christopherfurt,katiegamble@fisher.com
625,Annette Davis,Lake Alisha,terrellkatie@schmidt.info
626,Jason Hall,Samuelfort,lindsey14@yahoo.com
627,Tammy Salinas,North Manuelland,nbailey@smith.com
628,Cassandra Cooper,Port Scott,fford@hotmail.com
629,Jennifer Shaffer,Parkerbury,fbowman@jenkins-gray.org
630,Melinda Simpson,Amyberg,bradleybell@young-odom.com
631,Jeffrey Douglas,Port Melissa,martinlindsey@yahoo.com
632,David Ramos,Cookborough,kmarshall@martin-davis.org
633,Michael Kennedy,Millerhaven,lynnbrittany@yahoo.com
634,Christopher Oliver,New Zachary,ortizjulia@ross.net
635,Mrs. Terri Oconnor,Thomastown,upatel@gmail.com
636,Hannah Williams,West Robert,twashington@hotmail.com
637,Jennifer Tate,Robertsland,brett06@gmail.com
638,Dustin Clark,Samuelton,taylormary@hotmail.com
639,Tiffany Fernandez,New Garyside,hudsonaaron@yahoo.com
640,William Campbell,Beckfort,james58@garcia.com
641,Dylan Conley,South Jamesberg,tonyramos@hall.com
642,William Chambers,Schneiderborough,melissariggs@lee.com
643,Melinda Stewart,North Jeremyton,peter88@gmail.com
644,Christopher Craig,South Daniel,wilsonjohn@yahoo.com
645,Jared White,Lake Alyssatown,sarah20@gmail.com
646,Jessica Li,New Christinetown,summerstheodore@yahoo.com
647,Lauren Martin,South Janicefort,williamsscott@gmail.com
648,Julie Martin,East Timothyton,pughsamuel@rollins.biz
649,Patricia Lee,South Joseph,ebonyallen@carter.com
650,Jasmine Moreno,Millerbury,ntodd@hotmail.com
651,Melinda Smith,Chavezstad,cindy98@stokes.com
652,Kimberly Lopez,New Clifford,vickibarker@gmail.com
653,Brent Atkins,New Norma,brettholland@hotmail.com
654,James Sullivan,Leestad,xglover@gmail.com
655,Andres Mason,West Teresa,fjones@woods.info
656,Christopher Perkins,New Tracy,ernest94@hotmail.com
657,Emily Thompson,Christopherville,cmoon@gmail.com
658,Kelly Thompson,Christinefurt,monicabarrera@gmail.com
659,Melissa Mcdaniel,Cummingsstad,grosspaul@gmail.com
660,Seth Austin,West Elizabeth,doughertyalexis@gmail.com
661,Jennifer Bray,Port Andrew,batesmadeline@yahoo.com
662,Alicia Harris,West Jefferyside,jsantos@downs.com
663,Mr. Marc Lewis,Williamsville,lrodriguez@yahoo.com
664,Mark Estrada,Floydfort,thompsonspencer@flores.com
665,Kimberly Evans,Barnesshire,ashleyjones@hotmail.com
666,Nicholas Norton,Pricemouth,richard88@richards.com
667,Dr. Christine Miller,Catherineberg,hmendoza@young-mcintosh.com
668,Leonard Hernandez,South Jaredmouth,william85@yahoo.com
669,Jamie Kelly,East Christopher,samantha93@gmail.com
670,Deanna Yates,Lake Christopher,melissa72@gmail.com
671,Patricia Harris,Thompsonborough,wbrown@love-owens.net
672,Vincent Proctor,Ramirezland,angela32@gmail.com
673,Adam Christensen,North Carol,shahjohn@yahoo.com
674,Stacey Johnson,Sandrastad,castillogabriel@yahoo.com
675,Cassandra Lambert,Michaelstad,justin75@hotmail.com
676,Colleen Ford,Johnsonchester,kimberly64@rasmussen.com
677,Traci Atkinson,South Mark,rgriffin@johnston-wilson.com
678,Tamara Howard,Mcfarlandstad,rickmcdonald@yahoo.com
679,Stephen Foster,Chaneyburgh,joel01@benton.biz
680,Douglas Smith,Danielleberg,randerson@davidson.com
681,Kevin Ortiz,Timothyview,abigail26@baker.info
682,Carmen Robinson,Angelabury,brodriguez@hotmail.com
683,Bradley Brock,East Keith,hopkinsjon@west.com
684,Laurie Hill MD,Carlbury,armstrongdaniel@yahoo.com
685,John Young,Jacksonland,ejohnson@james-scott.net
686,Tasha Mack,Bondfurt,andersondaniel@eaton-blackburn.com
687,John Sanders,West Ashley,wardamy@gmail.com
688,Christian Bright,East Holly,gmccarty@johnson-rogers.com
689,Mr. Cameron Wilson,Riveraburgh,michael96@goodwin.com
690,Robert Sanders,Jamesstad,leeday@johnson-buck.com
691,Michael Fields,East Lukefurt,evelynburke@hill-hunter.info
692,Michael Brown,Melissaburgh,jessica57@gmail.com
693,Rebecca Gordon,West Lindseybury,rneal@harrison.biz
694,Benjamin Hayes,New Jennifer,fcollins@ward.com
695,Bianca Larson,East Paulville,jjohnson@harris.org
696,Karen Woods,Rogerfort,nicholasrichmond@hotmail.com
697,Anna Brown,New Jeanne,monique25@yahoo.com
698,Susan Miller,Thomasberg,alvarezandrea@hotmail.com
699,Billy Holmes,Joneston,reginald07@gmail.com
700,Tina Fernandez,Isaiahburgh,floreskatrina@long.com
701,Steven Chapman,South Traceychester,powellrichard@jordan.info
702,Eric Hardy,Lake Edwinborough,murraybrittany@best-costa.com
703,Calvin Brooks,North Tracyshire,vargaslisa@johnston-carroll.com
704,Jennifer Navarro,Rileyton,lambertsandy@hotmail.com
705,Marcus Smith,Dawnshire,michael16@gmail.com
706,Robert Williamson,East Angelaborough,staceyglover@bell.info
707,Sarah Chan,Chaseland,eric93@gmail.com
708,Mary Cole,Bentonburgh,michellerobinson@hunt.biz
709,Richard Byrd,North Nathanielside,evansmaureen@chen.net
710,Michael Hernandez,Elizabethborough,tdavis@olson.biz
711,Alyssa Jacobs,Lake Taramouth,joseph82@carter.com
712,Kevin Lee,Lake Samantha,christopher31@yahoo.com
713,Sarah Ross,South Kelly,milleranthony@gmail.com
714,Kim Jensen,Port Ryanmouth,natasha35@yahoo.com
715,Danielle Moss,West Melissamouth,jenny03@yahoo.com
716,Terri Stewart,Thomashaven,lyoung@serrano-martinez.net
717,Eric Bolton,Christianside,tamara24@marquez.com
718,David Oconnor,Sanchezton,shannon07@gmail.com
719,Robert Hansen,Kingmouth,tcollins@yahoo.com
720,Clinton Phillips,North Matthew,galexander@bailey.com
721,Jeremy Nelson,Diazbury,seth45@cannon.biz
722,Chad Daniels,Lake Josephside,parkerchristopher@fleming.com
723,Steven Rogers,Kimberlyburgh,ntaylor@odom.info
724,Nathan Leon,Espinozamouth,rodney08@hotmail.com
725,Christopher Valdez,Port Johnberg,madeline15@wolf.com
726,Brittany Nelson,Huntside,hvang@hoffman.org
727,Grant Wolfe,West Deborahberg,crosbytimothy@hotmail.com
728,Brandon Nelson,Wrightfurt,ibryant@yahoo.com
729,Christian Baker,West Jessicafurt,tylerford@rice.com
730,Timothy Mccormick,Swansonland,dorothy51@hotmail.com
731,Rhonda Morris,New Annebury,donna88@hotmail.com
732,Anthony Graves,East Ashleyport,stevensrichard@gmail.com
733,Sara Santiago,New Lindsey,fowlerchristopher@yahoo.com
734,Dwayne Hughes,Brandonhaven,pmarks@cox.com
735,Dale Jones,Fullerton,snguyen@hotmail.com
736,Don Odonnell,Lake Margaretborough,jacqueline24@jimenez.info
737,Charlotte Carroll,East Melanieside,josephkramer@caldwell.com
738,Sandra Jackson,Lake Dustin,youngpatricia@yahoo.com
739,Jose Jimenez,East Karen,uwoods@porter.com
740,Mary Logan,Josephport,uwilson@yahoo.com
741,Laurie Wagner,Kingburgh,jamesbooker@yahoo.com
742,John Ortiz,Johnbury,shawndavis@martinez.com
743,Paul Johnson,Lake Ashleyfort,nholland@moran.info
744,Phillip Carson,Garciastad,hdiaz@garrison.com
745,Pamela David,Cherylton,barajaskelly@lewis.net
746,Nancy Costa,North Carla,william61@gmail.com
747,Christopher Perez,New Jamesburgh,charles85@hotmail.com
748,Johnny Perkins,Debrashire,sheena73@hotmail.com
749,Scott Casey,Gardnerville,turnerbrent@day.org
750,Bryan Marshall,Shafferchester,stephaniemurray@johnson.com
751,Bonnie Joseph,New Donald,jonathanjenkins@yahoo.com
752,Heather Stewart,New Robertview,yschmidt@yahoo.com
753,Trevor Wright,Candicehaven,scottmullins@love.com
754,Michael Hernandez,Dawsonmouth,philipsalas@gmail.com
755,Carolyn Alvarado,Riveraview,donnacook@williamson-collins.net
756,Jennifer Donovan,South Steven,loriwagner@gmail.com
757,Tommy Douglas,West Davidville,travis27@woodward.com
758,Charles Archer,East Katelyn,matthew27@garcia-lindsey.com
759,Michele Ford,Carolineside,rosborne@evans.biz
760,Jason Bailey,Wandamouth,zbowen@ferguson.org
761,Joshua Hendrix,Port Jeffreyfort,lboyer@yahoo.com
762,Patricia Rhodes,Port Natashamouth,jeffrey58@chang.com
763,Cheryl Mcpherson,Cooperbury,wendywoodard@hotmail.com
764,Tasha David,South Susan,youngjamie@brown.com
765,Jason Simpson,Lake Gary,jeffreybrooks@sellers.org
766,Douglas Ruiz,New Haileychester,ashleyperez@davis.com
767,Matthew Carroll,Gavinland,emilyblack@carson-jimenez.biz
768,Diane Clark,South Kennethton,allison32@hotmail.com
769,Cassandra Koch,West Connor,maxwellcharlene@hotmail.com
770,Jimmy Floyd,Davidville,jason94@walsh-higgins.com
771,Emily Peters,Blairton,stacy44@anderson-everett.net
772,Brenda Jackson,Port Paulamouth,michelle36@davis.biz
773,Andrew Jordan,South Robin,jason08@yahoo.com
774,James Henry,Mossfort,dsmith@yahoo.com
775,Jeffrey Sanchez,South Jefferytown,robertunderwood@hotmail.com
776,Miguel Maddox,West Gregoryfort,perrykeith@reese.info
777,Claudia Rodgers,Nicholsfurt,morrissean@ortiz-moore.net
778,Michael Ellison,West Tiffany,yhicks@gmail.com
779,Kristy Mcdonald,Obrienbury,andreashaw@snyder.net
780,Kevin Mason,East Brettburgh,murphymichael@moore-carson.com
781,Adam Chavez,Nicholasland,kylehernandez@hotmail.com
782,Larry Phillips,New Dustinhaven,ricky07@villarreal.com
783,Cindy Patel,Brownville,torresbetty@weber.org
784,Isabel Lewis,Jenkinsberg,michael19@jones.com
785,Hunter Reynolds,Lake Jason,kristinarangel@hotmail.com
786,Bradley Andersen,Kellystad,rschneider@strickland-anderson.com
787,David Martinez,Simsside,linda28@yahoo.com
788,Victoria Payne,New Tara,alexandraholt@armstrong-freeman.org
789,Alejandro Williams,Lake Larry,denise22@nguyen-dickson.org
790,Mario Fuller,North Donald,jennifer52@green.com
791,Justin Hughes,Joshuafurt,johnsonshari@gomez.com
792,Laura Duke,Smithville,vkrause@yahoo.com
793,Desiree Ward,Hallfurt,lroberts@hotmail.com
794,Dennis Riley,New Matthewfort,laurenbuchanan@daniels.com
795,Angie Molina,New Gregoryport,gregoryclayton@santiago.net
796,Jeffrey Tran,East Christian,vmorris@gray.biz
797,Mathew Sherman,Scottshire,patricia99@andrade.net
798,Laura Duncan,Lake Carol,owenthomas@gibson-pollard.net
799,Anita Johnson,New Patrick,lynnfuentes@gmail.com
800,Andrea Porter,Karenville,pearsonian@pace-crosby.com
801,Melissa Hall,Kimtown,millerrandall@yahoo.com
802,Timothy Cox,Tristanhaven,garciacharles@dixon-suarez.com
803,Kelly Hicks,Jessestad,clarkaustin@wright.com
804,Justin Roberts,Tinaport,jadekramer@yahoo.com
805,Sheila Avila,Alyssaberg,lewiscatherine@gmail.com
806,Dennis Carter,Lake Raymond,rachel74@costa.org
807,Cindy Cannon,Vickiland,mmiranda@hampton.net
808,Aaron White,West Andreberg,triciasmith@hotmail.com
809,Mackenzie Pierce,Lake Chelseabury,iwarner@baker.biz
810,Veronica Zavala,West Davidburgh,michaelchapman@yahoo.com
811,Eric Mendoza,Hubbardfurt,fryestephanie@rivera.com
812,Brittany Novak,Rebeccaborough,cfuller@yahoo.com
813,Kathryn Baker,Grayhaven,christinebishop@ramos.info
814,Brandon Gardner,Gibsonview,andrew68@hanson.com
815,Deborah Flores,Stephanieport,calvinrodriguez@yahoo.com
816,Evelyn Watts,Bartonland,rwilliamson@webb-clayton.com
817,Tony Sanchez,Crosbymouth,cochranpeter@hotmail.com
818,Michael Martinez,Charlesport,jonathan52@hotmail.com
819,Rachael Rangel,Port Darlene,houstonkimberly@hotmail.com
820,Tonya Hubbard,West Jonathanburgh,aforbes@stewart-watkins.com
821,Kimberly Delgado,Perrybury,lorijackson@gmail.com
822,Vernon Caldwell,East Robert,rcase@gmail.com
823,Mike Hernandez,Anthonyburgh,rtaylor@gmail.com
824,Brad Gutierrez,Scottborough,benjaminhall@yahoo.com
825,Jennifer Vazquez,North Stacie,shane56@perry.com
826,Austin Peck,New Alyssaport,sbarnes@watson.com
827,Maria Anderson,West Mark,jefferymendez@yahoo.com
828,Peter Wells,Patriciafurt,jennifergross@hotmail.com
829,Travis Quinn,Michaelbury,joel23@elliott.net
830,Kelli Garza,East Geraldfurt,davidlewis@ford.com
831,John Simmons,Olivermouth,iedwards@sanchez.info
832,Jeffery Hall,Bergerview,jessicaedwards@hotmail.com
833,Vincent Kennedy,South Robert,annanielsen@gmail.com
834,John Jones,West Elizabeth,michaelcollins@hotmail.com
835,David Underwood,New Matthew,codyrios@gmail.com
836,Paula Padilla,North Joelburgh,ggreen@ayers.info
837,Hannah Wallace,South Bethanyfort,lrodriguez@yahoo.com
838,Jill Beard,Justinview,harrisonmark@murray.com
839,Angela Contreras,Wallston,kingjennifer@yahoo.com
840,Justin Zamora,Daviston,cindychen@williams.com
841,Shelia Dunn,Mayborough,sstevens@gmail.com
842,Jerry Burke,West Bonnie,dthompson@clark-hall.com
843,Gail Gilmore,Chandlerport,wconley@burke-alvarado.com
844,Valerie Ray,East Erinfurt,schmidtjames@yahoo.com
845,Matthew Dunn,North Paultown,waltersdana@hotmail.com
846,Kelsey Powell,Danielstad,wmurphy@gmail.com
847,Jean Dunn,Toddshire,xsantos@hart.com
848,Michael Meyer,Martinfort,jpoole@hotmail.com
849,Lisa Perez,Lake Amy,marylozano@williams-williams.net
850,Christina Fletcher,Annebury,curtiskayla@yahoo.com
851,Kyle Hayes,Higginsmouth,joneskenneth@yahoo.com
852,Patrick Vargas,Davidhaven,imiddleton@harrison-lin.com
853,Zachary Walker,South Jeremy,taramurray@yahoo.com
854,Benjamin Flores,Timothyburgh,joshua12@moore-powell.com
855,Stephanie Ford,Levyland,traceybishop@lawrence.com
856,Melissa Leonard,Ellisview,harrisjeffery@lopez.com
857,Lisa Lee,Lake Laurahaven,shawisaiah@smith-brown.net
858,Richard Walker,Stephanieburgh,vbrown@gmail.com
859,Christopher Moreno,Kaylaland,linda02@walker-hernandez.com
860,Ronald Russell,Port Patricia,millerashley@gmail.com
861,Wesley Chandler,West Joshua,tammymueller@osborne.net
862,Dr. David Nguyen,Laurenstad,debbie97@yahoo.com
863,Theresa Moore,Lake Gary,thomasbenjamin@palmer.com
864,David Beard,Lanefurt,zlewis@hotmail.com
865,Jennifer Gray,Johnsonstad,stevenrichards@hotmail.com
866,Mrs. Sydney Collins PhD,Michellebury,hrogers@yahoo.com
867,Brenda Reid,Camachomouth,millerkimberly@chase.net
868,Sandra Steele,North Karina,jcampbell@hotmail.com
869,Michael Stone,Brookston,richardclark@yahoo.com
870,Kevin James,West Andrea,cody71@gmail.com
871,Amy Macdonald,Maryport,humphreyjoshua@gmail.com
872,Martin Cook,Port Sarahhaven,burkeallen@gmail.com
873,George Cabrera,Hahnfurt,idecker@hotmail.com
874,Matthew Ramirez,Lake Jamesshire,pcooke@gmail.com
875,Elizabeth Rice,Martinezfort,cjenkins@juarez-jackson.biz
876,Cindy Smith,Padillamouth,hooverluis@hotmail.com
877,Danielle Key,North Tammy,leonard09@hotmail.com
878,Patricia Gutierrez,South Monicabury,vvelasquez@anderson-wilson.com
879,Katherine Mason,South Tina,emoore@hotmail.com
880,Cynthia Scott,Hernandezmouth,lisa05@gmail.com
881,Jacqueline Freeman,Michaelburgh,gbishop@martinez.info
882,Marissa Keith,Joyburgh,leslietran@gmail.com
883,Shane Miles,Carrview,alicia60@hotmail.com
884,Thomas Johnson,Richardchester,davismargaret@lopez.com
885,Jacob Reynolds,East James,nicoleramirez@hotmail.com
886,Melissa Simon,Jenniferfort,ronaldgarcia@hotmail.com
887,Dawn Lee,Jenniferbury,ncruz@hood-mcclain.org
888,Robert Burke,Rodriguezville,mark21@santana-cruz.org
889,Donna Odonnell,East Sarahfort,xkrueger@gmail.com
890,Danielle Benton,Brownville,ocruz@richard.net
891,Marie Mack,East Carlstad,hjames@silva.com
892,Christopher Campbell,New Michaelchester,nray@reid.com
893,Miss Ann Hopkins DVM,Shawnside,icruz@morrow-gay.info
894,Sandra Kramer,Adamsberg,powersteresa@hall-roy.com
895,Mary Ruiz,North Dawnhaven,qthomas@yahoo.com
896,Jaime Chapman,South Lukeland,zsantana@morales.com
897,Cristian Anderson,Santosshire,jamesanderson@james.com
898,Diane Brown,East Rebecca,jenniferjackson@ellison-case.com
899,Meredith Schmidt,East Ruben,william05@williams-luna.com
900,Kathryn Anderson,Port John,rebecca51@gmail.com
901,Herbert Rodriguez,Raymondburgh,phall@mckay.info
902,Brittany Humphrey,East Haleyton,krystal27@yahoo.com
903,Matthew Hampton,Williamsonbury,dalewiggins@hill.org
904,Clayton Marshall,Brendamouth,zcarrillo@yahoo.com
905,Daniel George,Maryport,mary34@hotmail.com
906,Paula Prince,Peterston,thomasbrittany@robles-vaughan.org
907,Patricia Byrd,Rachelview,jonespamela@yahoo.com
908,Daniel Villegas,Philipstad,brandon23@hotmail.com
909,Sean Williamson,Rodneychester,sho@johnson.net
910,Edward Harrison,Michaelborough,rmiddleton@hotmail.com
911,Ethan Sanchez,Onealtown,daniel14@pineda.com
912,Jennifer Douglas,New Eric,richard70@chaney.com
913,Dustin Gould,Stephanieton,kleinashley@hotmail.com
914,Joshua Smith,North Brandonfort,jramirez@villa.net
915,Angel Hill,Jessefurt,blyons@richard-mathis.com
916,Kimberly Wiggins,Hallville,melanie47@weber.com
917,Felicia Bates,Port Christine,amandacole@gmail.com
918,Matthew Wilson,North Kerry,richard33@yahoo.com
919,Ashley Walton,Hodgesstad,ogross@yahoo.com
920,Sarah Smith,Hansonborough,edwardslaura@dominguez-rich.com
921,John Jackson,Patriciabury,joseph12@yahoo.com
922,David Allen,West Nicolehaven,bryanmiller@gmail.com
923,Laura Middleton,Moodyfurt,trujillotammy@harrison.info
924,Mary Castro,Susanchester,lauren66@morris.com
925,Kelly Freeman,Ballbury,cynthiabryant@gmail.com
926,Robert Cook,West Williamland,acontreras@murphy-perry.com
927,Patrick Marshall,Pittstown,carlsoneddie@johnson-freeman.com
928,Martin Sullivan,West Coreyland,samuel33@francis.com
929,Nicole Petty,Adamside,jschwartz@yahoo.com
930,Sara Coleman,North Williehaven,stephanie49@alexander.com
931,Tracy Thompson,East Jacob,zjames@bartlett-hansen.org
932,Robert Stevenson,West Scott,rsmith@yahoo.com
933,Edward Moreno,Ramirezhaven,dperez@scott.net
934,Kathleen Alvarado,Port Robin,bennettmatthew@nichols.org
935,Jessica Webb,New Holly,ltaylor@dean.net
936,Joshua Carter,Williamshire,nicoleespinoza@gmail.com
937,Michelle Andrews,East Peter,todd16@yahoo.com
938,Heather Harrison,Francistown,gatesmarissa@gmail.com
939,Timothy Jones,Lucasfort,daniellehodges@dominguez-barnett.com
940,Jessica Reynolds,East Steven,walkerchristine@bullock.com
941,Daniel Barnett,Dixonton,wardmatthew@hotmail.com
942,Terry Brewer,Foxport,jeffreydiaz@perez.com
943,Kayla Martin,Port Larryshire,wyattlinda@aguirre-delgado.com
944,Sheila Kelley,West Ginatown,markgraves@heath.com
945,John Huff,Gardnerport,paulgonzalez@yahoo.com
946,Jessica Jordan,East Joel,martinezamanda@mcdonald-myers.info
947,Brooke Parsons,Lake Scottbury,faith51@yahoo.com
948,Justin Foley,North Rebeccashire,kcampbell@gmail.com
949,Michael Ellis,Sierratown,melissaboyer@hernandez.info
950,Margaret Scott,West Toddview,guywhite@rollins.com
951,Samuel Garcia,East Brandonton,saragomez@hotmail.com
952,Jason Nicholson,Randallport,erikaoconnell@gmail.com
953,Christopher Weaver,New Christopherhaven,frichard@hotmail.com
954,Carol Moore,Williamsfort,angelagriffin@yahoo.com
955,Jennifer Garcia,East Kyle,lindsey30@gmail.com
956,Rachel Lee,New Johnfurt,leah38@gmail.com
957,Robin Parsons,Markside,gonzalezann@hudson.com
958,William Hill,West Aliciaside,sarahsmith@anderson.org
959,Cesar Garza,North James,robertlyons@gmail.com
960,Jessica Daniel,Jacobton,sally37@yahoo.com
961,Marc Kirk,North Christopherview,davidpadilla@ellis.org
962,Kim Guzman,Bradleyberg,kevindiaz@glenn.info
963,Jeffrey Rodgers,Alvarezberg,florespatrick@flynn.com
964,Michelle Sullivan,Ramirezfurt,nperry@olson.biz
965,Lindsey Baker,Smithshire,shelly22@walker.info
966,Candice Alvarez,Roberthaven,laurie68@hotmail.com
967,Connie White,Duketown,lsimpson@miller-knapp.org
968,Jennifer Montgomery,New Danielle,hrobinson@gmail.com
969,Timothy Rojas,Christinemouth,gallegosandrew@greene.com
970,Bethany Marsh,Port Aaron,cnguyen@monroe-beard.com
971,Nicole Parks,Goodmanland,milleranthony@smith.com
972,Helen Wallace,Nortonhaven,amywarren@simmons.com
973,Wendy Johnson,South Sara,evanstammy@gmail.com
974,Scott White,Jenniferchester,tadams@yahoo.com
975,Alexandra Shepherd,New Randy,kathy09@gmail.com
976,Ashley Cruz,Nancyshire,thompsonsusan@cooley.org
977,Mark Rivera,North Michaelville,daywilliam@vargas-reynolds.org
978,Sean Allen,East Emily,ylane@yahoo.com
979,Fernando Ortiz,East Michaelside,zkidd@lopez-jones.net
980,Wendy Perez,Shaneland,adam99@hotmail.com
981,Mary Brandt,Lake Brittanyton,angelataylor@thompson-ross.com
982,Heather Sullivan,Craigport,debbie50@wiley.com
983,Tony Larsen,West Lynn,gonzaleskatie@yahoo.com
984,Michael Lawson,West Walterville,vwalker@bell-pitts.com
985,Sean Moore,New Ryan,mccoyandrea@williams-carlson.info
986,Adam Mcclain,Danielbury,cunninghamkatherine@scott-hurst.net
987,Karen Robinson,Richardside,dustinbradley@gmail.com
988,Audrey Burgess,Madisonton,buckleydavid@silva-neal.com
989,Erika Dunn,North Bonnie,mccormickangel@yahoo.com
990,Ryan Schmidt,East Vanessatown,christopherbarber@santos.info
991,Jake Walker,Robertmouth,agray@richardson.com
992,Bonnie Mcdonald,Briantown,branchcarrie@scott.biz
993,Deborah Edwards,Jesusview,tpeters@yahoo.com
994,Alexis Hill,Bonillaberg,cynthiarivera@ryan.com
995,Matthew Sullivan,Matthewside,uryan@yahoo.com
996,Ronald Wilson,West Danny,gperkins@mcpherson.biz
997,Daniel Knox,Austinstad,fhopkins@gmail.com
998,Brooke Carter,Port Debraburgh,connor05@randall.com
999,Brian Perry,Andreshire,courtney66@fuentes-ray.com
